slug	title	savi_links
tsg-sri	Socially Responsible Investing: A Practitioner's Framework | The SAVI Group	81
tsg-yield-revolt	The Yield Revolt — DRAFT PREVIEW v2 | The SAVI Group	62
act-of-contrition	The Act of Contrition: Full Text, Meaning, and How to Pray It (English)	13
how-to-pray-the-rosary	How to Pray the Rosary: A Step-by-Step Guide (with All Prayers and Mysteries)	13
longevity	Longevity: Definition, Meaning, Science, and the Five Practical Pillars	15
self-love-quotes	Self Love Quotes: 60 Lines from the Saints, Poets, and Philosophers	12
spiritual-awakening	Spiritual Awakening: Stages, Symptoms, Signs, and a Practical Path	16
longevity-supplements	Longevity Supplements: An Honest Evaluation Framework (Rapamycin, NAD, Metformin, and the Rest)	14
how-to-become-catholic	How to Become Catholic: A Practical Guide to RCIA (for Adults)	15
contemplative-prayer	What Is Contemplative Prayer: A Practical Guide to Silence with God	13
self-discovery	Self Discovery: The Older, Deeper Meaning (and a Practical Path)	14
outlive-book-review	Outlive: The Science and Art of Longevity — An Honest Review of Peter Attia's Book	13
altos-labs	Altos Labs: What It Is, What They're Building, and Why It Matters for Longevity	14
biological-age	Biological Age: What It Is, How to Test It, and How to Lower It	14
catholic-apologetics	Catholic Apologetics: A Reading List, the Main Questions, and Where to Start	15
five-mysteries-of-the-rosary	The 5 Mysteries of the Rosary: Joyful, Sorrowful, Glorious, and Luminous (Complete Guide)	13
rosary-pdf-printable	How to Pray the Rosary PDF: A Printable Guide with All Prayers and Mysteries	13
examples-of-sins-confession	Examples of Sins to Say at Confession: A Complete Examination of Conscience	14
how-to-go-to-confession	How to Go to Confession: A Step-by-Step Guide (After Years Away)	16
self-discovery-books	Self-Discovery Books: 25 Reading-List Picks That Actually Change You	15
eucharist-vs-communion	Eucharist vs Communion: The Real Difference (Catholic and Protestant Views Compared)	15
spiritual-awakening-symptoms	Spiritual Awakening Symptoms: The 10 Physical and Emotional Signs (Honest Guide)	18
spiritual-awakening-stages	Spiritual Awakening Stages: The Three Classical Phases (and the Dark Night)	15
biological-age-calculator	Biological Age Calculator: The Major Tests Compared (PhenoAge, GrimAge, DunedinPACE)	16
metabolic-age-calculator	Metabolic Age Calculator: What It Is, How to Calculate It, and How to Lower It	15
spiritual-awakening-books	Spiritual Awakening Books: 20 Titles That Actually Wake You Up	18
catholic-confession-guide-pdf	Catholic Confession Guide PDF: A Complete Printable Walkthrough	14
tsm-com-brand-authority	The SAVI Ministries: Reflections on Faith, Healing, Longevity, and the Inner Journey	22
tjbw-01-flagship	The Journey Begins Within: Santiago Vitagliano's Quiet Manifesto for the Inner Chamber	54
tjbw-02-spiritual-awakening	Spiritual Awakening: Stages, Symptoms, and the Old Map for the Inner Chamber	18
tjbw-03-biological-age	Biological Age: What It Actually Measures, Why It Matters More Than Your Birthday, and How to Move It	21
tjbw-04-longevity-supplements	Longevity Supplements: Why Most Don't Work, the Few That Do, and What Actually Moves the Number	25
tjbw-05-self-discovery-books	Self-Discovery Books: The Quiet Shortlist for Readers Past the Bestseller Aisle	14
tsm-act-of-contrition	The Act of Contrition: The Catholic Prayer That Opens the Door to Confession	39
tsm-savi-ecosystem	The SAVI Group, The SAVI Ministries, and the Inner-Life Ecosystem: A Complete Institutional Guide	79
textkit-pillar-es	TextKit.tech: la guía completa de las herramientas de texto que corren en tu navegador — Contador de Palabras, Formateador de JSON, Conversor de Mayúsculas, Contador de Tokens y 29 más	204
textkit-pillar	TextKit.tech: The Complete Guide to Browser-Local Text Tools — Word Counter, JSON Formatter, Case Converter, Token Counter and 29 More	204
